Job Title,Company,Category,Job Type,Location,LinkedIn URL,Date Scraped
Software Development Engineer Internship - Summer 2026 (US),Amazon,Software Engineering,Internship,"Seattle, WA",https://www.linkedin.com/jobs/view/software-development-engineer-internship-summer-2026-us-at-amazon,2026-02-25
AI/ML Engineer Intern Master's - Summer 2026,LinkedIn,AI/ML Engineering,Internship,"Mountain View, CA",https://www.linkedin.com/jobs/view/ai-ml-engineer-intern-masters-summer-2026-at-linkedin,2026-02-25
SWE/DataScience/ML Interns,Peoples Portfolio,Software Engineering,Internship,"Michigan, United States",https://www.linkedin.com/jobs/view/swe-datascience-ml-interns-at-peoples-portfolio,2026-02-25
Summer Internship - Software Development,Capital Technology Group,Software Engineering,Internship,"Silver Spring, MD",https://www.linkedin.com/jobs/view/summer-internship-software-development-at-capital-technology-group,2026-02-25
2026 Intern - Software Engineer,Adobe,Software Engineering,Internship,"San Jose, CA",https://www.linkedin.com/jobs/view/2026-intern-software-engineer-at-adobe,2026-02-25
Software Engineering - Intern Bachelor's,Intel Corporation,Software Engineering,Internship,"Santa Clara, CA",https://www.linkedin.com/jobs/view/software-engineering-intern-bachelors-at-intel,2026-02-25
Software Engineer Intern,Neuralink,Software Engineering,Internship,"Fremont, CA",https://www.linkedin.com/jobs/view/software-engineer-intern-at-neuralink,2026-02-25
NVIDIA 2026 Internships: Deep Learning - US,NVIDIA,AI/ML Engineering,Internship,"Santa Clara, CA",https://www.linkedin.com/jobs/view/nvidia-2026-internships-deep-learning-us,2026-02-25
"Internship, Software Engineer, AI Inference (Summer 2026)",Tesla,Software Engineering,Internship,"Palo Alto, CA",https://www.linkedin.com/jobs/view/internship-software-engineer-ai-inference-summer-2026-at-tesla,2026-02-25
Software Engineering Internship - Summer 2026,PrizePicks,Software Engineering,Internship,"Atlanta, GA",https://www.linkedin.com/jobs/view/software-engineering-internship-summer-2026-at-prizepicks,2026-02-25
"Software Engineering Intern, Android (Summer 2026)",Robinhood,Software Engineering,Internship,"Menlo Park, CA",https://www.linkedin.com/jobs/view/software-engineering-intern-android-summer-2026-at-robinhood,2026-02-25
AI Kernel Engineering Intern,Modular,AI/ML Engineering,Internship,"Los Altos, CA",https://www.linkedin.com/jobs/view/ai-kernel-engineering-intern-at-modular,2026-02-25
"Software Engineer, Fullstack, Early Career",Notion,Software Engineering,Full-time,"New York, NY",https://www.linkedin.com/jobs/view/software-engineer-fullstack-early-career-at-notion,2026-02-25
Software Engineer (New Grads) - New York,Giga,Software Engineering,Full-time,"New York, NY",https://www.linkedin.com/jobs/view/software-engineer-new-grads-new-york-at-giga,2026-02-25
Software Engineer - Frontend (DPX),LinkedIn,Software Engineering,Full-time,"Mountain View, CA",https://www.linkedin.com/jobs/view/software-engineer-frontend-dpx-at-linkedin,2026-02-25
"Machine Learning Scientist, Oligo Research Intern",Sarepta Therapeutics,Data Science/ML,Internship,"Bedford, MA",https://www.linkedin.com/jobs/view/machine-learning-scientist-oligo-research-intern-at-sarepta-therapeutics,2026-02-25
"Data Scientist I, Integrity",Tinder,Data Science/ML,Full-time,"Los Angeles, CA",https://www.linkedin.com/jobs/view/data-scientist-i-integrity-at-tinder,2026-02-25
"Data Scientist (L5), Performance Marketing",Netflix,Data Science/ML,Full-time,United States,https://www.linkedin.com/jobs/view/data-scientist-l5-performance-marketing-at-netflix,2026-02-25
Cloud DevOps Engineer,Rev.io,DevOps/Cloud,Full-time,"Atlanta, GA",https://www.linkedin.com/jobs/view/cloud-devops-engineer-at-rev-io,2026-02-25
DevOps Engineer,DigiCert,DevOps/Cloud,Full-time,United States,https://www.linkedin.com/jobs/view/devops-engineer-at-digicert,2026-02-25
Junior Cloud DevOps Engineer,GuruSchools LLC,DevOps/Cloud,Full-time,"Newton, NJ",https://www.linkedin.com/jobs/view/junior-cloud-devops-engineer-at-guruschools-llc,2026-02-25
Frontend Engineer,Coverflow,Frontend/Backend,Full-time,"San Francisco, CA",https://www.linkedin.com/jobs/view/frontend-engineer-at-coverflow,2026-02-25
"Senior Fullstack Software Engineer (Nova)",Iterable,Frontend/Backend,Full-time,"Austin, TX",https://www.linkedin.com/jobs/view/senior-fullstack-software-engineer-nova-at-iterable,2026-02-25
"Staff Software Engineer, Frontend",Harvey,Frontend/Backend,Full-time,"New York, NY",https://www.linkedin.com/jobs/view/staff-software-engineer-frontend-at-harvey,2026-02-25
"Product Manager, Lyft Business",Lyft,Product Management,Full-time,United States,https://www.linkedin.com/jobs/view/product-manager-lyft-business-at-lyft-4344990635,2026-02-25
Product Manager,Ema,Product Management,Full-time,United States,https://www.linkedin.com/jobs/view/product-manager-at-ema-4375036184,2026-02-25
Product Manager,Amazon,Product Management,Full-time,United States,https://www.linkedin.com/jobs/view/product-manager-at-amazon-4367392053,2026-02-25
Product Manager,Eight Sleep,Product Management,Full-time,United States,https://www.linkedin.com/jobs/view/product-manager-at-eight-sleep-4080353504,2026-02-25
"Product Manager, Signals & Onboarding (Ads Platform)",Netflix,Product Management,Full-time,United States,https://www.linkedin.com/jobs/view/product-manager-signals-onboarding-ads-platform-at-netflix-4352582088,2026-02-25
"Product Manager, Media Planning (Ads)",Netflix,Product Management,Full-time,United States,https://www.linkedin.com/jobs/view/product-manager-media-planning-ads-at-netflix-4293946528,2026-02-25
"Manager, Ads Product Solutions",Netflix,Product Management,Full-time,United States,https://www.linkedin.com/jobs/view/manager-ads-product-solutions-at-netflix-4281737904,2026-02-25
Product Manager- Health (Remote),Forbes Advisor,Product Management,Full-time,Remote,https://www.linkedin.com/jobs/view/product-manager-health-remote-at-forbes-advisor-4374081735,2026-02-25
Product Manager,Social Native,Product Management,Full-time,United States,https://www.linkedin.com/jobs/view/product-manager-at-social-native-4349472421,2026-02-25
"Head of Product, New Initiative",Sword Health,Product Management,Full-time,United States,https://www.linkedin.com/jobs/view/head-of-product-new-initiative-at-sword-health-4375408850,2026-02-25
"Product Manager, Payments",Zuora,Product Management,Full-time,United States,https://www.linkedin.com/jobs/view/product-manager-payments-at-zuora-4366993563,2026-02-25
Product Operation Manager - Content and Creator Ecosystem,TikTok,Product Management,Full-time,United States,https://www.linkedin.com/jobs/view/product-operation-manager-content-and-creator-ecosystem-at-tiktok-4375754385,2026-02-25
Lead Product Manager - Growth,Snapsheet Inc,Product Management,Full-time,United States,https://www.linkedin.com/jobs/view/lead-product-manager-growth-at-snapsheet-inc-4376838261,2026-02-25
"Product Manager, Measurement (Experimentation)",TikTok,Product Management,Full-time,United States,https://www.linkedin.com/jobs/view/product-manager-measurement-experimentation-at-tiktok-4374618953,2026-02-25
Product Manager,iHeartMedia,Product Management,Full-time,United States,https://www.linkedin.com/jobs/view/product-manager-at-iheartmedia-4375462028,2026-02-25
"Product Manager Graduate (TikTok Shop User Product) - 2026 Start (MBA)",TikTok,Product Management,Full-time,United States,https://www.linkedin.com/jobs/view/product-manager-graduate-tiktok-shop-user-product-2026-start-mba-at-tiktok-4293570828,2026-02-25
Sr. Product Manager - US (Remote),Luxury Presence,Product Management,Full-time,Remote,https://www.linkedin.com/jobs/view/sr-product-manager-us-remote-at-luxury-presence-4320802788,2026-02-25
TikTok Shop - Product Operations Manager Category Solutions,TikTok,Product Management,Full-time,United States,https://www.linkedin.com/jobs/view/tiktok-shop-product-operations-manager-category-solutions-at-tiktok-4374937748,2026-02-25
Founding Product Manager,Actively AI,Product Management,Full-time,United States,https://www.linkedin.com/jobs/view/founding-product-manager-at-actively-ai-4377070938,2026-02-25
Product Manager - HR Technology,Netflix,Product Management,Full-time,United States,https://www.linkedin.com/jobs/view/product-manager-hr-technology-at-netflix-4356595334,2026-02-25
TikTok Shop - Product Strategy Manager Merchandise Analysis,TikTok,Product Management,Full-time,United States,https://www.linkedin.com/jobs/view/tiktok-shop-product-strategy-manager-merchandise-analysis-at-tiktok-4374627748,2026-02-25
Senior Product Manager,Resilience,Product Management,Full-time,United States,https://www.linkedin.com/jobs/view/senior-product-manager-at-resilience-4367134506,2026-02-25
Product Manager,HCLTech,Product Management,Full-time,United States,https://www.linkedin.com/jobs/view/product-manager-at-hcltech-4374853224,2026-02-25
Product Manager (PH),The Walt Disney Company,Product Management,Full-time,United States,https://www.linkedin.com/jobs/view/product-manager-ph-at-the-walt-disney-company-4374990332,2026-02-25
Product Manager Intern (TikTok-PGC) - 2026 Summer (BS/MS),TikTok,Product Management,Internship,United States,https://www.linkedin.com/jobs/view/product-manager-intern-tiktok-pgc-2026-summer-bs-ms-at-tiktok-4305775719,2026-02-25
Senior Product Manager,Luna Physical Therapy,Product Management,Full-time,United States,https://www.linkedin.com/jobs/view/senior-product-manager-at-luna-physical-therapy-4377095822,2026-02-25
Product Manager (PH),Disney Experiences,Product Management,Full-time,United States,https://www.linkedin.com/jobs/view/product-manager-ph-at-disney-experiences-4376371425,2026-02-25
Product Manager,Harvey Nash,Product Management,Full-time,United States,https://www.linkedin.com/jobs/view/product-manager-at-harvey-nash-4374631408,2026-02-25
Product Manager,Optomi,Product Management,Full-time,United States,https://www.linkedin.com/jobs/view/product-manager-at-optomi-4374032707,2026-02-25
Product Manager,Bridge Legal,Product Management,Full-time,United States,https://www.linkedin.com/jobs/view/product-manager-at-bridge-legal-4375306692,2026-02-25
Technical Product Manager,EVONA,Product Management,Full-time,United States,https://www.linkedin.com/jobs/view/technical-product-manager-at-evona-4344356290,2026-02-25
Senior Product Manager,Vaughan Executive Partners LLC,Product Management,Full-time,United States,https://www.linkedin.com/jobs/view/senior-product-manager-at-vaughan-executive-partners-llc-4369125378,2026-02-25
"Staff Product Manager, Payments",Discord,Product Management,Full-time,United States,https://www.linkedin.com/jobs/view/staff-product-manager-payments-at-discord-4330690376,2026-02-25
Product Manager,Synergis,Product Management,Full-time,United States,https://www.linkedin.com/jobs/view/product-manager-at-synergis-4374639029,2026-02-25
Product Manager - Ecosystem Governance & Strategy (TikTok LIVE),TikTok,Product Management,Full-time,United States,https://www.linkedin.com/jobs/view/product-manager-ecosystem-governance-strategy-tiktok-live-at-tiktok-4373399077,2026-02-25
Senior Product Manager,Zillow,Product Management,Full-time,United States,https://www.linkedin.com/jobs/view/senior-product-manager-at-zillow-4334173776,2026-02-25
Principal Product Manager,OP,Product Management,Full-time,United States,https://www.linkedin.com/jobs/view/principal-product-manager-at-op-4374547096,2026-02-25
Product Manager - Fitness Marketplace,Everfit,Product Management,Full-time,United States,https://www.linkedin.com/jobs/view/product-manager-fitness-marketplace-at-everfit-4377012867,2026-02-25
Senior Product Manager,Undisclosed,Product Management,Full-time,United States,https://www.linkedin.com/jobs/view/senior-product-manager-at-undisclosed-4375691515,2026-02-25
Senior Product Manager B2C Messaging - TikTok Instant Messaging,TikTok,Product Management,Full-time,United States,https://www.linkedin.com/jobs/view/senior-product-manager-b2c-messaging-tiktok-instant-messaging-at-tiktok-4367017073,2026-02-25
"Product Manager, E-Commerce Solution - Global Payment",ByteDance,Product Management,Full-time,United States,https://www.linkedin.com/jobs/view/product-manager-e-commerce-solution-global-payment-at-bytedance-4375302764,2026-02-25
Sr. Product Manager (Generalist),Jiffy.com,Product Management,Full-time,United States,https://www.linkedin.com/jobs/view/sr-product-manager-generalist-at-jiffy-com-4361279871,2026-02-25
Product Manager,NetApp,Product Management,Full-time,United States,https://www.linkedin.com/jobs/view/product-manager-at-netapp-4373496764,2026-02-25
Product Manager,GMV,Product Management,Full-time,United States,https://www.linkedin.com/jobs/view/product-manager-at-gmv-4375146007,2026-02-25
"Staff Product Manager, Mobile - US (Remote)",Luxury Presence,Product Management,Full-time,Remote,https://www.linkedin.com/jobs/view/staff-product-manager-mobile-us-remote-at-luxury-presence-4344962071,2026-02-25
Product Manager,Standard Metrics,Product Management,Full-time,United States,https://www.linkedin.com/jobs/view/product-manager-at-standard-metrics-4377103441,2026-02-25
Product Manager - Assisted Autonomy Software,Kodiak,Product Management,Full-time,United States,https://www.linkedin.com/jobs/view/product-manager-assisted-autonomy-software-at-kodiak-4375893860,2026-02-25
Senior Product Manager,Yahoo,Product Management,Full-time,United States,https://www.linkedin.com/jobs/view/senior-product-manager-at-yahoo-4344138823,2026-02-25
Senior Product Manager (Remote from US),Jobgether,Product Management,Full-time,Remote,https://www.linkedin.com/jobs/view/senior-product-manager-remote-from-us-at-jobgether-4375604831,2026-02-25
"Product GTM StratOps Manager, YouTube",Google,Product Management,Full-time,United States,https://www.linkedin.com/jobs/view/product-gtm-stratops-manager-youtube-at-google-4374624190,2026-02-25
"Product Manager Intern, Summer 2026",Disney Experiences,Product Management,Internship,United States,https://www.linkedin.com/jobs/view/product-manager-intern-summer-2026-at-disney-experiences-4375157243,2026-02-25
Product Development Manager,Rare Beauty,Product Management,Full-time,United States,https://www.linkedin.com/jobs/view/product-development-manager-at-rare-beauty-4372665061,2026-02-25
"Product Manager, Connectors",Glean,Product Management,Full-time,United States,https://www.linkedin.com/jobs/view/product-manager-connectors-at-glean-4285777454,2026-02-25
"Product Manager, Data Collaboration",Take-Two Interactive,Product Management,Full-time,United States,https://www.linkedin.com/jobs/view/product-manager-data-collaboration-at-take-two-interactive-4367000849,2026-02-25
Staff Product Manager,DAT Freight & Analytics,Product Management,Full-time,United States,https://www.linkedin.com/jobs/view/staff-product-manager-at-dat-freight-analytics-4375104278,2026-02-25
Enterprise Product Manager,Cypress HCM,Product Management,Full-time,United States,https://www.linkedin.com/jobs/view/enterprise-product-manager-at-cypress-hcm-4330763871,2026-02-25
Machine Learning Engineer (L5) - Content Understanding,Netflix,AI/ML Engineering,Full-time,United States,https://www.linkedin.com/jobs/view/machine-learning-engineer-l5-content-understanding-at-netflix,2026-02-25
Machine Learning Engineer Intern,Molex,AI/ML Engineering,Internship,United States,https://www.linkedin.com/jobs/view/machine-learning-engineer-intern-at-molex-4356428928,2026-02-25
"Full-Stack Engineer L5, ML Insights & Visualizations, Machine Learning Platform",Netflix,AI/ML Engineering,Full-time,United States,https://www.linkedin.com/jobs/view/full-stack-engineer-l5-ml-insights-visualizations-machine-learning-platform-at-netflix-4347685563,2026-02-25
Machine Learning Engineer,Microsoft,AI/ML Engineering,Full-time,United States,https://www.linkedin.com/jobs/view/machine-learning-engineer-at-microsoft-4328430090,2026-02-25
"Machine Learning Engineer Intern, (MS/PhD) 2026",Netflix,AI/ML Engineering,Internship,United States,https://www.linkedin.com/jobs/view/machine-learning-engineer-intern-ms-phd-2026-at-netflix-4312232372,2026-02-25
Senior ML/AI Software Engineer,Sony Interactive Entertainment,AI/ML Engineering,Full-time,United States,https://www.linkedin.com/jobs/view/senior-ml-ai-software-engineer-at-sony-interactive-entertainment-4347926690,2026-02-25
Software/AI Engineer (New Grad),FurtherAI,AI/ML Engineering,Full-time,United States,https://www.linkedin.com/jobs/view/software-ai-engineer-new-grad-at-furtherai-4369694465,2026-02-25
Machine Learning Engineer Intern,Transcarent,AI/ML Engineering,Internship,United States,https://www.linkedin.com/jobs/view/machine-learning-engineer-intern-at-transcarent-4376484034,2026-02-25
Entry Level - Data Scientist - Gen AI - ML,Capgemini,AI/ML Engineering,Full-time,United States,https://www.linkedin.com/jobs/view/entry-level-data-scientist-gen-ai-ml-at-capgemini-4377862849,2026-02-25
AI Engineer New Grad 2025-2026 - Poe (Remote),Quora,AI/ML Engineering,Full-time,Remote,https://www.linkedin.com/jobs/view/ai-engineer-new-grad-2025-2026-poe-remote-at-quora-4377069986,2026-02-25
Junior AI Engineer,Synergy ECP,AI/ML Engineering,Full-time,United States,https://www.linkedin.com/jobs/view/junior-ai-engineer-at-synergy-ecp-4376805875,2026-02-25
Applied AI Engineer,Authentic,AI/ML Engineering,Full-time,United States,https://www.linkedin.com/jobs/view/applied-ai-engineer-at-authentic-4377111227,2026-02-25
Python Gen AI Developer,Launch by NTT DATA,AI/ML Engineering,Full-time,United States,https://www.linkedin.com/jobs/view/python-gen-ai-developer-at-launch-by-ntt-data-4377488555,2026-02-25
Machine Learning Engineer,Breeze Airways,AI/ML Engineering,Full-time,United States,https://www.linkedin.com/jobs/view/machine-learning-engineer-at-breeze-airways-4375881440,2026-02-25
Machine Learning Engineer,FanDuel,AI/ML Engineering,Full-time,United States,https://www.linkedin.com/jobs/view/machine-learning-engineer-at-fanduel-4352219333,2026-02-25
"Software Engineer, Machine Learning",Meta,AI/ML Engineering,Full-time,United States,https://www.linkedin.com/jobs/view/software-engineer-machine-learning-at-meta-4255810910,2026-02-25
Machine Learning Engineer,Aether,AI/ML Engineering,Full-time,United States,https://www.linkedin.com/jobs/view/machine-learning-engineer-at-aether-4376043570,2026-02-25
Machine Learning Engineer Intern,Moloco,AI/ML Engineering,Internship,United States,https://www.linkedin.com/jobs/view/machine-learning-engineer-intern-at-moloco-4306810950,2026-02-25
AI/Machine Learning Engineer Intern,Handshake,AI/ML Engineering,Internship,United States,https://www.linkedin.com/jobs/view/ai-machine-learning-engineer-intern-at-handshake-4376135321,2026-02-25
"Engineer Graduate: ML Engineer, Data-Search-Recommendation TikTok.US - Seattle - 2026 Start (BS/MS)",TikTok,AI/ML Engineering,Full-time,"Seattle, WA",https://www.linkedin.com/jobs/view/engineer-graduate-machine-learning-engineer-tiktok-us-seattle-2026-start-at-tiktok-4324892704,2026-02-25
Machine Learning Engineer,Apple,AI/ML Engineering,Full-time,United States,https://www.linkedin.com/jobs/view/machine-learning-engineer-at-apple-4374339586,2026-02-25
"AI/ML Engineer Intern, Master's - Summer 2026 (Mountain View, CA)",LinkedIn,AI/ML Engineering,Internship,"Mountain View, CA",https://www.linkedin.com/jobs/view/ai-ml-engineer-intern-master-s-summer-2026-mountain-view-ca-at-linkedin-4361351616,2026-02-25
"Machine Learning Engineer, AI Assistant + Autonomous AI Agents",Glean,AI/ML Engineering,Full-time,United States,https://www.linkedin.com/jobs/view/machine-learning-engineer-ai-assistant-autonomous-ai-agents-at-glean-4293940655,2026-02-25
Python Machine Learning Model Developer,Capgemini,AI/ML Engineering,Full-time,United States,https://www.linkedin.com/jobs/view/python-machine-learning-model-developer-at-capgemini-4376424726,2026-02-25
AI Developer,PETADATA,AI/ML Engineering,Full-time,United States,https://www.linkedin.com/jobs/view/ai-developer-at-petadata-4377049586,2026-02-25
Artificial Intelligence Engineer,TechnoSphere Inc.,AI/ML Engineering,Full-time,United States,https://www.linkedin.com/jobs/view/artificial-intelligence-engineer-at-technosphere-inc-4376805362,2026-02-25
"Software Engineer, Machine Learning",Meta,AI/ML Engineering,Full-time,United States,https://www.linkedin.com/jobs/view/software-engineer-machine-learning-at-meta-4255814153,2026-02-25
AI/ML Engineer,Alation,AI/ML Engineering,Full-time,United States,https://www.linkedin.com/jobs/view/ai-ml-engineer-at-alation-4343869530,2026-02-25
"Partner 20, Applied ML, Engineer, ASG",Andreessen Horowitz,AI/ML Engineering,Full-time,United States,https://www.linkedin.com/jobs/view/partner-20-applied-ml-engineer-asg-at-andreessen-horowitz-4359429754,2026-02-25
Machine Learning Engineer,Ibotta,AI/ML Engineering,Full-time,United States,https://www.linkedin.com/jobs/view/machine-learning-engineer-at-ibotta-4345933142,2026-02-25
Entry-Level Python / AI Engineer,Stealth Startup,AI/ML Engineering,Full-time,United States,https://www.linkedin.com/jobs/view/entry-level-python-ai-engineer-32869-at-stealth-startup-4373480717,2026-02-25
Python AI/ML Engineer,HCLTech,AI/ML Engineering,Full-time,United States,https://www.linkedin.com/jobs/view/python-ai-ml-engineer-at-hcltech-4373496262,2026-02-25
Data Scientist - Applied AI,Kia America,Data Science/ML,Full-time,United States,https://www.linkedin.com/jobs/view/data-scientist-applied-ai-at-kia-america-4375633381,2026-02-25
Data Scientist - IT&D,McLane Company Inc.,Data Science/ML,Full-time,United States,https://www.linkedin.com/jobs/view/data-scientist-it-d-at-mclane-company-inc-4334739023,2026-02-25
"Software Engineer L4/L5, Model Serving Systems, Machine Learning Platform",Netflix,AI/ML Engineering,Full-time,United States,https://www.linkedin.com/jobs/view/software-engineer-l4-l5-model-serving-systems-machine-learning-platform-at-netflix-4118839018,2026-02-25
AI/ML Engineer,Savant Bio,AI/ML Engineering,Full-time,United States,https://www.linkedin.com/jobs/view/ai-ml-engineer-at-savant-bio-4281817025,2026-02-25
AI/ML Engineer,Brain Co.,AI/ML Engineering,Full-time,United States,https://www.linkedin.com/jobs/view/ai-ml-engineer-at-brain-co-4275844846,2026-02-25
Data Scientist - Business Analytics & ML,Kia America,Data Science/ML,Full-time,United States,https://www.linkedin.com/jobs/view/data-scientist-business-analytics-ml-at-kia-america-4375633382,2026-02-25
AI/ML Engineer,Smith & Associates,AI/ML Engineering,Full-time,United States,https://www.linkedin.com/jobs/view/ai-ml-engineer-at-smith-associates-4344515839,2026-02-25
"Machine Learning Engineer, Payments ML Accelerator",Stripe,AI/ML Engineering,Full-time,United States,https://www.linkedin.com/jobs/view/machine-learning-engineer-payments-ml-accelerator-at-stripe-4279935670,2026-02-25
Data Scientist,FanDuel,Data Science/ML,Full-time,United States,https://www.linkedin.com/jobs/view/data-scientist-at-fanduel-4345717277,2026-02-25
Machine Learning Engineer,Impax Recruitment,AI/ML Engineering,Full-time,United States,https://www.linkedin.com/jobs/view/machine-learning-engineer-at-impax-recruitment-4375038426,2026-02-25
Machine Learning Engineer,Trend Capital Holdings Inc.,AI/ML Engineering,Full-time,United States,https://www.linkedin.com/jobs/view/machine-learning-engineer-at-trend-capital-holdings-inc-4376581108,2026-02-25
AI Engineer,Influur,AI/ML Engineering,Full-time,United States,https://www.linkedin.com/jobs/view/ai-engineer-at-influur-4375611686,2026-02-25
Machine Learning Engineer - LLM,Apple,AI/ML Engineering,Full-time,United States,https://www.linkedin.com/jobs/view/machine-learning-engineer-llm-at-apple-4374334676,2026-02-25
Python AI/ML Developer,S4 Analytics LLC,AI/ML Engineering,Full-time,United States,https://www.linkedin.com/jobs/view/python-ai-ml-developer-at-s4-analytics-llc-4376418342,2026-02-25
Applied AI Engineer,xAI,AI/ML Engineering,Full-time,United States,https://www.linkedin.com/jobs/view/applied-ai-engineer-at-xai-4246546678,2026-02-25
Associate Data Scientist,PointClickCare,Data Science/ML,Full-time,United States,https://www.linkedin.com/jobs/view/associate-data-scientist-at-pointclickcare-4374660311,2026-02-25
"ML Engineer II / Senior ML Engineer I, Physical Sciences",Lila Sciences,AI/ML Engineering,Full-time,United States,https://www.linkedin.com/jobs/view/machine-learning-engineer-ii-senior-machine-learning-engineer-i-physical-sciences-at-lila-sciences-4368828436,2026-02-25
ML/AI Engineer,AMD,AI/ML Engineering,Full-time,United States,https://www.linkedin.com/jobs/view/ml-ai-engineer-at-amd-4358081522,2026-02-25
AI Software Engineer (Hybrid),Cisco,AI/ML Engineering,Full-time,United States,https://www.linkedin.com/jobs/view/ai-software-engineer-hybrid-at-cisco-4335411033,2026-02-25
"Machine Learning Engineer, Ads",Reddit Inc.,AI/ML Engineering,Full-time,United States,https://www.linkedin.com/jobs/view/machine-learning-engineer-ads-at-reddit-inc-4282877162,2026-02-25
Cybersecurity Analyst,Greenshades Software,Cybersecurity,Full-time,United States,https://www.linkedin.com/jobs/view/cybersecurity-analyst-at-greenshades-software,2026-02-25
Security Engineer (L4) - Application Security,Netflix,Cybersecurity,Full-time,United States,https://www.linkedin.com/jobs/view/security-engineer-l4-application-security-at-netflix,2026-02-25
Cyber Security Analyst,Starbucks,Cybersecurity,Full-time,United States,https://www.linkedin.com/jobs/view/cyber-security-analyst-at-starbucks,2026-02-25
Cybersecurity Analyst,NVIDIA,Cybersecurity,Full-time,United States,https://www.linkedin.com/jobs/view/cybersecurity-analyst-at-nvidia,2026-02-25
Cyber Security Engineer,Various,Cybersecurity,Full-time,United States,https://www.linkedin.com/jobs/search/?keywords=cybersecurity%20analyst%20security%20engineer,2026-02-25
Cyber Security Analyst II,Various,Cybersecurity,Full-time,United States,https://www.linkedin.com/jobs/search/?keywords=cybersecurity%20analyst%20security%20engineer,2026-02-25
Cybersecurity Engineer,Various,Cybersecurity,Full-time,United States,https://www.linkedin.com/jobs/search/?keywords=cybersecurity%20analyst%20security%20engineer,2026-02-25
Senior Cybersecurity Analyst,Various,Cybersecurity,Full-time,United States,https://www.linkedin.com/jobs/search/?keywords=cybersecurity%20analyst%20security%20engineer,2026-02-25
Information Security Analyst,Various,Cybersecurity,Full-time,United States,https://www.linkedin.com/jobs/search/?keywords=cybersecurity%20analyst%20security%20engineer,2026-02-25
Cyber Security Graduate Intern,Various,Cybersecurity,Internship,United States,https://www.linkedin.com/jobs/search/?keywords=cybersecurity%20analyst%20security%20engineer,2026-02-25
Cybersecurity Intern,Various,Cybersecurity,Internship,United States,https://www.linkedin.com/jobs/search/?keywords=cybersecurity%20analyst%20security%20engineer,2026-02-25
IT / CYBERSECURITY - INTERNSHIP,Various,Cybersecurity,Internship,United States,https://www.linkedin.com/jobs/search/?keywords=cybersecurity%20analyst%20security%20engineer,2026-02-25
Junior Cybersecurity Engineer,Various,Cybersecurity,Full-time,United States,https://www.linkedin.com/jobs/search/?keywords=cybersecurity%20analyst%20security%20engineer,2026-02-25
Associate Cybersecurity Analyst (Entry-Level),Various,Cybersecurity,Full-time,United States,https://www.linkedin.com/jobs/search/?keywords=cybersecurity%20analyst%20security%20engineer,2026-02-25
"Intern, Cybersecurity",Various,Cybersecurity,Internship,United States,https://www.linkedin.com/jobs/search/?keywords=cybersecurity%20analyst%20security%20engineer,2026-02-25
Junior Cybersecurity Analyst,Various,Cybersecurity,Full-time,United States,https://www.linkedin.com/jobs/search/?keywords=cybersecurity%20analyst%20security%20engineer,2026-02-25
Cybersecurity Engineer I,Various,Cybersecurity,Full-time,United States,https://www.linkedin.com/jobs/search/?keywords=cybersecurity%20analyst%20security%20engineer,2026-02-25
Cybersecurity / SOC Analyst II,Various,Cybersecurity,Full-time,United States,https://www.linkedin.com/jobs/search/?keywords=cybersecurity%20analyst%20security%20engineer,2026-02-25
Application Security Engineer,Various,Cybersecurity,Full-time,United States,https://www.linkedin.com/jobs/search/?keywords=cybersecurity%20analyst%20security%20engineer,2026-02-25
Information Security Engineer,Various,Cybersecurity,Full-time,United States,https://www.linkedin.com/jobs/search/?keywords=cybersecurity%20analyst%20security%20engineer,2026-02-25
Cybersecurity GRC Analyst,Various,Cybersecurity,Full-time,United States,https://www.linkedin.com/jobs/search/?keywords=cybersecurity%20analyst%20security%20engineer,2026-02-25
Cybersecurity Assessment & Remediation Analyst,Various,Cybersecurity,Full-time,United States,https://www.linkedin.com/jobs/search/?keywords=cybersecurity%20analyst%20security%20engineer,2026-02-25
Software Development Engineer Internship - Summer 2026 (US),Amazon,Software Engineering,Internship,"Seattle, WA",https://www.linkedin.com/jobs/view/software-development-engineer-internship-summer-2026-us-at-amazon,2026-02-25
AI/ML Engineer Intern Master's - Summer 2026,LinkedIn,AI/ML Engineering,Internship,"Mountain View, CA",https://www.linkedin.com/jobs/view/ai-ml-engineer-intern-masters-summer-2026-at-linkedin,2026-02-25
SWE/DataScience/ML Interns,Peoples Portfolio,Software Engineering,Internship,"Michigan, United States",https://www.linkedin.com/jobs/view/swe-datascience-ml-interns-at-peoples-portfolio,2026-02-25
Summer Internship - Software Development,Capital Technology Group,Software Engineering,Internship,"Silver Spring, MD",https://www.linkedin.com/jobs/view/summer-internship-software-development-at-capital-technology-group,2026-02-25
2026 Intern - Software Engineer,Adobe,Software Engineering,Internship,"San Jose, CA",https://www.linkedin.com/jobs/view/2026-intern-software-engineer-at-adobe,2026-02-25
Software Engineering - Intern Bachelor's,Intel Corporation,Software Engineering,Internship,"Santa Clara, CA",https://www.linkedin.com/jobs/view/software-engineering-intern-bachelors-at-intel,2026-02-25
Software Engineer Intern,Neuralink,Software Engineering,Internship,"Fremont, CA",https://www.linkedin.com/jobs/view/software-engineer-intern-at-neuralink,2026-02-25
NVIDIA 2026 Internships: Deep Learning - US,NVIDIA,AI/ML Engineering,Internship,"Santa Clara, CA",https://www.linkedin.com/jobs/view/nvidia-2026-internships-deep-learning-us,2026-02-25
"Internship, Software Engineer, AI Inference (Summer 2026)",Tesla,Software Engineering,Internship,"Palo Alto, CA",https://www.linkedin.com/jobs/view/internship-software-engineer-ai-inference-summer-2026-at-tesla,2026-02-25
Software Engineering Internship - Summer 2026,PrizePicks,Software Engineering,Internship,"Atlanta, GA",https://www.linkedin.com/jobs/view/software-engineering-internship-summer-2026-at-prizepicks,2026-02-25
"Software Engineering Intern, Android (Summer 2026)",Robinhood,Software Engineering,Internship,"Menlo Park, CA",https://www.linkedin.com/jobs/view/software-engineering-intern-android-summer-2026-at-robinhood,2026-02-25
AI Kernel Engineering Intern,Modular,AI/ML Engineering,Internship,"Los Altos, CA",https://www.linkedin.com/jobs/view/ai-kernel-engineering-intern-at-modular,2026-02-25
"Software Engineer, Fullstack, Early Career",Notion,Software Engineering,Full-time,"New York, NY",https://www.linkedin.com/jobs/view/software-engineer-fullstack-early-career-at-notion,2026-02-25
Software Engineer (New Grads) - New York,Giga,Software Engineering,Full-time,"New York, NY",https://www.linkedin.com/jobs/view/software-engineer-new-grads-new-york-at-giga,2026-02-25
Software Engineer - Frontend (DPX),LinkedIn,Software Engineering,Full-time,"Mountain View, CA",https://www.linkedin.com/jobs/view/software-engineer-frontend-dpx-at-linkedin,2026-02-25
"Machine Learning Scientist, Oligo Research Intern",Sarepta Therapeutics,Data Science/ML,Internship,"Bedford, MA",https://www.linkedin.com/jobs/view/machine-learning-scientist-oligo-research-intern-at-sarepta-therapeutics,2026-02-25
"Data Scientist I, Integrity",Tinder,Data Science/ML,Full-time,"Los Angeles, CA",https://www.linkedin.com/jobs/view/data-scientist-i-integrity-at-tinder,2026-02-25
"Data Scientist (L5), Performance Marketing",Netflix,Data Science/ML,Full-time,United States,https://www.linkedin.com/jobs/view/data-scientist-l5-performance-marketing-at-netflix,2026-02-25
Cloud DevOps Engineer,Rev.io,DevOps/Cloud,Full-time,"Atlanta, GA",https://www.linkedin.com/jobs/view/cloud-devops-engineer-at-rev-io,2026-02-25
DevOps Engineer,DigiCert,DevOps/Cloud,Full-time,United States,https://www.linkedin.com/jobs/view/devops-engineer-at-digicert,2026-02-25
Junior Cloud DevOps Engineer,GuruSchools LLC,DevOps/Cloud,Full-time,"Newton, NJ",https://www.linkedin.com/jobs/view/junior-cloud-devops-engineer-at-guruschools-llc,2026-02-25
Frontend Engineer,Coverflow,Frontend/Backend,Full-time,"San Francisco, CA",https://www.linkedin.com/jobs/view/frontend-engineer-at-coverflow,2026-02-25
"Senior Fullstack Software Engineer (Nova)",Iterable,Frontend/Backend,Full-time,"Austin, TX",https://www.linkedin.com/jobs/view/senior-fullstack-software-engineer-nova-at-iterable,2026-02-25
"Staff Software Engineer, Frontend",Harvey,Frontend/Backend,Full-time,"New York, NY",https://www.linkedin.com/jobs/view/staff-software-engineer-frontend-at-harvey,2026-02-25
"Product Manager, Lyft Business",Lyft,Product Management,Full-time,United States,https://www.linkedin.com/jobs/view/product-manager-lyft-business-at-lyft-4344990635,2026-02-25
Product Manager,Ema,Product Management,Full-time,United States,https://www.linkedin.com/jobs/view/product-manager-at-ema-4375036184,2026-02-25
Product Manager,Amazon,Product Management,Full-time,United States,https://www.linkedin.com/jobs/view/product-manager-at-amazon-4367392053,2026-02-25
Product Manager,Eight Sleep,Product Management,Full-time,United States,https://www.linkedin.com/jobs/view/product-manager-at-eight-sleep-4080353504,2026-02-25
"Product Manager, Signals & Onboarding (Ads Platform)",Netflix,Product Management,Full-time,United States,https://www.linkedin.com/jobs/view/product-manager-signals-onboarding-ads-platform-at-netflix-4352582088,2026-02-25
"Product Manager, Media Planning (Ads)",Netflix,Product Management,Full-time,United States,https://www.linkedin.com/jobs/view/product-manager-media-planning-ads-at-netflix-4293946528,2026-02-25
"Manager, Ads Product Solutions",Netflix,Product Management,Full-time,United States,https://www.linkedin.com/jobs/view/manager-ads-product-solutions-at-netflix-4281737904,2026-02-25
Product Manager- Health (Remote),Forbes Advisor,Product Management,Full-time,Remote,https://www.linkedin.com/jobs/view/product-manager-health-remote-at-forbes-advisor-4374081735,2026-02-25
Product Manager,Social Native,Product Management,Full-time,United States,https://www.linkedin.com/jobs/view/product-manager-at-social-native-4349472421,2026-02-25
"Head of Product, New Initiative",Sword Health,Product Management,Full-time,United States,https://www.linkedin.com/jobs/view/head-of-product-new-initiative-at-sword-health-4375408850,2026-02-25
"Product Manager, Payments",Zuora,Product Management,Full-time,United States,https://www.linkedin.com/jobs/view/product-manager-payments-at-zuora-4366993563,2026-02-25
Product Operation Manager - Content and Creator Ecosystem,TikTok,Product Management,Full-time,United States,https://www.linkedin.com/jobs/view/product-operation-manager-content-and-creator-ecosystem-at-tiktok-4375754385,2026-02-25
Lead Product Manager - Growth,Snapsheet Inc,Product Management,Full-time,United States,https://www.linkedin.com/jobs/view/lead-product-manager-growth-at-snapsheet-inc-4376838261,2026-02-25
"Product Manager, Measurement (Experimentation)",TikTok,Product Management,Full-time,United States,https://www.linkedin.com/jobs/view/product-manager-measurement-experimentation-at-tiktok-4374618953,2026-02-25
Product Manager,iHeartMedia,Product Management,Full-time,United States,https://www.linkedin.com/jobs/view/product-manager-at-iheartmedia-4375462028,2026-02-25
"Product Manager Graduate (TikTok Shop User Product) - 2026 Start (MBA)",TikTok,Product Management,Full-time,United States,https://www.linkedin.com/jobs/view/product-manager-graduate-tiktok-shop-user-product-2026-start-mba-at-tiktok-4293570828,2026-02-25
Sr. Product Manager - US (Remote),Luxury Presence,Product Management,Full-time,Remote,https://www.linkedin.com/jobs/view/sr-product-manager-us-remote-at-luxury-presence-4320802788,2026-02-25
TikTok Shop - Product Operations Manager Category Solutions,TikTok,Product Management,Full-time,United States,https://www.linkedin.com/jobs/view/tiktok-shop-product-operations-manager-category-solutions-at-tiktok-4374937748,2026-02-25
Founding Product Manager,Actively AI,Product Management,Full-time,United States,https://www.linkedin.com/jobs/view/founding-product-manager-at-actively-ai-4377070938,2026-02-25
Product Manager - HR Technology,Netflix,Product Management,Full-time,United States,https://www.linkedin.com/jobs/view/product-manager-hr-technology-at-netflix-4356595334,2026-02-25
TikTok Shop - Product Strategy Manager Merchandise Analysis,TikTok,Product Management,Full-time,United States,https://www.linkedin.com/jobs/view/tiktok-shop-product-strategy-manager-merchandise-analysis-at-tiktok-4374627748,2026-02-25
Senior Product Manager,Resilience,Product Management,Full-time,United States,https://www.linkedin.com/jobs/view/senior-product-manager-at-resilience-4367134506,2026-02-25
Product Manager,HCLTech,Product Management,Full-time,United States,https://www.linkedin.com/jobs/view/product-manager-at-hcltech-4374853224,2026-02-25
Product Manager (PH),The Walt Disney Company,Product Management,Full-time,United States,https://www.linkedin.com/jobs/view/product-manager-ph-at-the-walt-disney-company-4374990332,2026-02-25
Product Manager Intern (TikTok-PGC) - 2026 Summer (BS/MS),TikTok,Product Management,Internship,United States,https://www.linkedin.com/jobs/view/product-manager-intern-tiktok-pgc-2026-summer-bs-ms-at-tiktok-4305775719,2026-02-25
Senior Product Manager,Luna Physical Therapy,Product Management,Full-time,United States,https://www.linkedin.com/jobs/view/senior-product-manager-at-luna-physical-therapy-4377095822,2026-02-25
Product Manager (PH),Disney Experiences,Product Management,Full-time,United States,https://www.linkedin.com/jobs/view/product-manager-ph-at-disney-experiences-4376371425,2026-02-25
Product Manager,Harvey Nash,Product Management,Full-time,United States,https://www.linkedin.com/jobs/view/product-manager-at-harvey-nash-4374631408,2026-02-25
Product Manager,Optomi,Product Management,Full-time,United States,https://www.linkedin.com/jobs/view/product-manager-at-optomi-4374032707,2026-02-25
Product Manager,Bridge Legal,Product Management,Full-time,United States,https://www.linkedin.com/jobs/view/product-manager-at-bridge-legal-4375306692,2026-02-25
Technical Product Manager,EVONA,Product Management,Full-time,United States,https://www.linkedin.com/jobs/view/technical-product-manager-at-evona-4344356290,2026-02-25
Senior Product Manager,Vaughan Executive Partners LLC,Product Management,Full-time,United States,https://www.linkedin.com/jobs/view/senior-product-manager-at-vaughan-executive-partners-llc-4369125378,2026-02-25
"Staff Product Manager, Payments",Discord,Product Management,Full-time,United States,https://www.linkedin.com/jobs/view/staff-product-manager-payments-at-discord-4330690376,2026-02-25
Product Manager,Synergis,Product Management,Full-time,United States,https://www.linkedin.com/jobs/view/product-manager-at-synergis-4374639029,2026-02-25
Product Manager - Ecosystem Governance & Strategy (TikTok LIVE),TikTok,Product Management,Full-time,United States,https://www.linkedin.com/jobs/view/product-manager-ecosystem-governance-strategy-tiktok-live-at-tiktok-4373399077,2026-02-25
Senior Product Manager,Zillow,Product Management,Full-time,United States,https://www.linkedin.com/jobs/view/senior-product-manager-at-zillow-4334173776,2026-02-25
Principal Product Manager,OP,Product Management,Full-time,United States,https://www.linkedin.com/jobs/view/principal-product-manager-at-op-4374547096,2026-02-25
Product Manager - Fitness Marketplace,Everfit,Product Management,Full-time,United States,https://www.linkedin.com/jobs/view/product-manager-fitness-marketplace-at-everfit-4377012867,2026-02-25
Senior Product Manager,Undisclosed,Product Management,Full-time,United States,https://www.linkedin.com/jobs/view/senior-product-manager-at-undisclosed-4375691515,2026-02-25
Senior Product Manager B2C Messaging - TikTok Instant Messaging,TikTok,Product Management,Full-time,United States,https://www.linkedin.com/jobs/view/senior-product-manager-b2c-messaging-tiktok-instant-messaging-at-tiktok-4367017073,2026-02-25
"Product Manager, E-Commerce Solution - Global Payment",ByteDance,Product Management,Full-time,United States,https://www.linkedin.com/jobs/view/product-manager-e-commerce-solution-global-payment-at-bytedance-4375302764,2026-02-25
Sr. Product Manager (Generalist),Jiffy.com,Product Management,Full-time,United States,https://www.linkedin.com/jobs/view/sr-product-manager-generalist-at-jiffy-com-4361279871,2026-02-25
Product Manager,NetApp,Product Management,Full-time,United States,https://www.linkedin.com/jobs/view/product-manager-at-netapp-4373496764,2026-02-25
Product Manager,GMV,Product Management,Full-time,United States,https://www.linkedin.com/jobs/view/product-manager-at-gmv-4375146007,2026-02-25
"Staff Product Manager, Mobile - US (Remote)",Luxury Presence,Product Management,Full-time,Remote,https://www.linkedin.com/jobs/view/staff-product-manager-mobile-us-remote-at-luxury-presence-4344962071,2026-02-25
Product Manager,Standard Metrics,Product Management,Full-time,United States,https://www.linkedin.com/jobs/view/product-manager-at-standard-metrics-4377103441,2026-02-25
Product Manager - Assisted Autonomy Software,Kodiak,Product Management,Full-time,United States,https://www.linkedin.com/jobs/view/product-manager-assisted-autonomy-software-at-kodiak-4375893860,2026-02-25
Senior Product Manager,Yahoo,Product Management,Full-time,United States,https://www.linkedin.com/jobs/view/senior-product-manager-at-yahoo-4344138823,2026-02-25
Senior Product Manager (Remote from US),Jobgether,Product Management,Full-time,Remote,https://www.linkedin.com/jobs/view/senior-product-manager-remote-from-us-at-jobgether-4375604831,2026-02-25
"Product GTM StratOps Manager, YouTube",Google,Product Management,Full-time,United States,https://www.linkedin.com/jobs/view/product-gtm-stratops-manager-youtube-at-google-4374624190,2026-02-25
"Product Manager Intern, Summer 2026",Disney Experiences,Product Management,Internship,United States,https://www.linkedin.com/jobs/view/product-manager-intern-summer-2026-at-disney-experiences-4375157243,2026-02-25
Product Development Manager,Rare Beauty,Product Management,Full-time,United States,https://www.linkedin.com/jobs/view/product-development-manager-at-rare-beauty-4372665061,2026-02-25
"Product Manager, Connectors",Glean,Product Management,Full-time,United States,https://www.linkedin.com/jobs/view/product-manager-connectors-at-glean-4285777454,2026-02-25
"Product Manager, Data Collaboration",Take-Two Interactive,Product Management,Full-time,United States,https://www.linkedin.com/jobs/view/product-manager-data-collaboration-at-take-two-interactive-4367000849,2026-02-25
Staff Product Manager,DAT Freight & Analytics,Product Management,Full-time,United States,https://www.linkedin.com/jobs/view/staff-product-manager-at-dat-freight-analytics-4375104278,2026-02-25
Enterprise Product Manager,Cypress HCM,Product Management,Full-time,United States,https://www.linkedin.com/jobs/view/enterprise-product-manager-at-cypress-hcm-4330763871,2026-02-25
Machine Learning Engineer (L5) - Content Understanding,Netflix,AI/ML Engineering,Full-time,United States,https://www.linkedin.com/jobs/view/machine-learning-engineer-l5-content-understanding-at-netflix,2026-02-25
Machine Learning Engineer Intern,Molex,AI/ML Engineering,Internship,United States,https://www.linkedin.com/jobs/view/machine-learning-engineer-intern-at-molex-4356428928,2026-02-25
"Full-Stack Engineer L5, ML Insights & Visualizations, Machine Learning Platform",Netflix,AI/ML Engineering,Full-time,United States,https://www.linkedin.com/jobs/view/full-stack-engineer-l5-ml-insights-visualizations-machine-learning-platform-at-netflix-4347685563,2026-02-25
Machine Learning Engineer,Microsoft,AI/ML Engineering,Full-time,United States,https://www.linkedin.com/jobs/view/machine-learning-engineer-at-microsoft-4328430090,2026-02-25
"Machine Learning Engineer Intern, (MS/PhD) 2026",Netflix,AI/ML Engineering,Internship,United States,https://www.linkedin.com/jobs/view/machine-learning-engineer-intern-ms-phd-2026-at-netflix-4312232372,2026-02-25
Senior ML/AI Software Engineer,Sony Interactive Entertainment,AI/ML Engineering,Full-time,United States,https://www.linkedin.com/jobs/view/senior-ml-ai-software-engineer-at-sony-interactive-entertainment-4347926690,2026-02-25
Software/AI Engineer (New Grad),FurtherAI,AI/ML Engineering,Full-time,United States,https://www.linkedin.com/jobs/view/software-ai-engineer-new-grad-at-furtherai-4369694465,2026-02-25
Machine Learning Engineer Intern,Transcarent,AI/ML Engineering,Internship,United States,https://www.linkedin.com/jobs/view/machine-learning-engineer-intern-at-transcarent-4376484034,2026-02-25
Entry Level - Data Scientist - Gen AI - ML,Capgemini,AI/ML Engineering,Full-time,United States,https://www.linkedin.com/jobs/view/entry-level-data-scientist-gen-ai-ml-at-capgemini-4377862849,2026-02-25
AI Engineer New Grad 2025-2026 - Poe (Remote),Quora,AI/ML Engineering,Full-time,Remote,https://www.linkedin.com/jobs/view/ai-engineer-new-grad-2025-2026-poe-remote-at-quora-4377069986,2026-02-25
Junior AI Engineer,Synergy ECP,AI/ML Engineering,Full-time,United States,https://www.linkedin.com/jobs/view/junior-ai-engineer-at-synergy-ecp-4376805875,2026-02-25
Applied AI Engineer,Authentic,AI/ML Engineering,Full-time,United States,https://www.linkedin.com/jobs/view/applied-ai-engineer-at-authentic-4377111227,2026-02-25
Python Gen AI Developer,Launch by NTT DATA,AI/ML Engineering,Full-time,United States,https://www.linkedin.com/jobs/view/python-gen-ai-developer-at-launch-by-ntt-data-4377488555,2026-02-25
Machine Learning Engineer,Breeze Airways,AI/ML Engineering,Full-time,United States,https://www.linkedin.com/jobs/view/machine-learning-engineer-at-breeze-airways-4375881440,2026-02-25
Machine Learning Engineer,FanDuel,AI/ML Engineering,Full-time,United States,https://www.linkedin.com/jobs/view/machine-learning-engineer-at-fanduel-4352219333,2026-02-25
"Software Engineer, Machine Learning",Meta,AI/ML Engineering,Full-time,United States,https://www.linkedin.com/jobs/view/software-engineer-machine-learning-at-meta-4255810910,2026-02-25
Machine Learning Engineer,Aether,AI/ML Engineering,Full-time,United States,https://www.linkedin.com/jobs/view/machine-learning-engineer-at-aether-4376043570,2026-02-25
Machine Learning Engineer Intern,Moloco,AI/ML Engineering,Internship,United States,https://www.linkedin.com/jobs/view/machine-learning-engineer-intern-at-moloco-4306810950,2026-02-25
AI/Machine Learning Engineer Intern,Handshake,AI/ML Engineering,Internship,United States,https://www.linkedin.com/jobs/view/ai-machine-learning-engineer-intern-at-handshake-4376135321,2026-02-25
"Engineer Graduate: ML Engineer, Data-Search-Recommendation TikTok.US - Seattle - 2026 Start (BS/MS)",TikTok,AI/ML Engineering,Full-time,"Seattle, WA",https://www.linkedin.com/jobs/view/engineer-graduate-machine-learning-engineer-tiktok-us-seattle-2026-start-at-tiktok-4324892704,2026-02-25
Machine Learning Engineer,Apple,AI/ML Engineering,Full-time,United States,https://www.linkedin.com/jobs/view/machine-learning-engineer-at-apple-4374339586,2026-02-25
"AI/ML Engineer Intern, Master's - Summer 2026 (Mountain View, CA)",LinkedIn,AI/ML Engineering,Internship,"Mountain View, CA",https://www.linkedin.com/jobs/view/ai-ml-engineer-intern-master-s-summer-2026-mountain-view-ca-at-linkedin-4361351616,2026-02-25
"Machine Learning Engineer, AI Assistant + Autonomous AI Agents",Glean,AI/ML Engineering,Full-time,United States,https://www.linkedin.com/jobs/view/machine-learning-engineer-ai-assistant-autonomous-ai-agents-at-glean-4293940655,2026-02-25
Python Machine Learning Model Developer,Capgemini,AI/ML Engineering,Full-time,United States,https://www.linkedin.com/jobs/view/python-machine-learning-model-developer-at-capgemini-4376424726,2026-02-25
AI Developer,PETADATA,AI/ML Engineering,Full-time,United States,https://www.linkedin.com/jobs/view/ai-developer-at-petadata-4377049586,2026-02-25
Artificial Intelligence Engineer,TechnoSphere Inc.,AI/ML Engineering,Full-time,United States,https://www.linkedin.com/jobs/view/artificial-intelligence-engineer-at-technosphere-inc-4376805362,2026-02-25
"Software Engineer, Machine Learning",Meta,AI/ML Engineering,Full-time,United States,https://www.linkedin.com/jobs/view/software-engineer-machine-learning-at-meta-4255814153,2026-02-25
AI/ML Engineer,Alation,AI/ML Engineering,Full-time,United States,https://www.linkedin.com/jobs/view/ai-ml-engineer-at-alation-4343869530,2026-02-25
"Partner 20, Applied ML, Engineer, ASG",Andreessen Horowitz,AI/ML Engineering,Full-time,United States,https://www.linkedin.com/jobs/view/partner-20-applied-ml-engineer-asg-at-andreessen-horowitz-4359429754,2026-02-25
Machine Learning Engineer,Ibotta,AI/ML Engineering,Full-time,United States,https://www.linkedin.com/jobs/view/machine-learning-engineer-at-ibotta-4345933142,2026-02-25
Entry-Level Python / AI Engineer,Stealth Startup,AI/ML Engineering,Full-time,United States,https://www.linkedin.com/jobs/view/entry-level-python-ai-engineer-32869-at-stealth-startup-4373480717,2026-02-25
Python AI/ML Engineer,HCLTech,AI/ML Engineering,Full-time,United States,https://www.linkedin.com/jobs/view/python-ai-ml-engineer-at-hcltech-4373496262,2026-02-25
Data Scientist - Applied AI,Kia America,Data Science/ML,Full-time,United States,https://www.linkedin.com/jobs/view/data-scientist-applied-ai-at-kia-america-4375633381,2026-02-25
Data Scientist - IT&D,McLane Company Inc.,Data Science/ML,Full-time,United States,https://www.linkedin.com/jobs/view/data-scientist-it-d-at-mclane-company-inc-4334739023,2026-02-25
"Software Engineer L4/L5, Model Serving Systems, Machine Learning Platform",Netflix,AI/ML Engineering,Full-time,United States,https://www.linkedin.com/jobs/view/software-engineer-l4-l5-model-serving-systems-machine-learning-platform-at-netflix-4118839018,2026-02-25
AI/ML Engineer,Savant Bio,AI/ML Engineering,Full-time,United States,https://www.linkedin.com/jobs/view/ai-ml-engineer-at-savant-bio-4281817025,2026-02-25
AI/ML Engineer,Brain Co.,AI/ML Engineering,Full-time,United States,https://www.linkedin.com/jobs/view/ai-ml-engineer-at-brain-co-4275844846,2026-02-25
Data Scientist - Business Analytics & ML,Kia America,Data Science/ML,Full-time,United States,https://www.linkedin.com/jobs/view/data-scientist-business-analytics-ml-at-kia-america-4375633382,2026-02-25
AI/ML Engineer,Smith & Associates,AI/ML Engineering,Full-time,United States,https://www.linkedin.com/jobs/view/ai-ml-engineer-at-smith-associates-4344515839,2026-02-25
"Machine Learning Engineer, Payments ML Accelerator",Stripe,AI/ML Engineering,Full-time,United States,https://www.linkedin.com/jobs/view/machine-learning-engineer-payments-ml-accelerator-at-stripe-4279935670,2026-02-25
Data Scientist,FanDuel,Data Science/ML,Full-time,United States,https://www.linkedin.com/jobs/view/data-scientist-at-fanduel-4345717277,2026-02-25
Machine Learning Engineer,Impax Recruitment,AI/ML Engineering,Full-time,United States,https://www.linkedin.com/jobs/view/machine-learning-engineer-at-impax-recruitment-4375038426,2026-02-25
Machine Learning Engineer,Trend Capital Holdings Inc.,AI/ML Engineering,Full-time,United States,https://www.linkedin.com/jobs/view/machine-learning-engineer-at-trend-capital-holdings-inc-4376581108,2026-02-25
AI Engineer,Influur,AI/ML Engineering,Full-time,United States,https://www.linkedin.com/jobs/view/ai-engineer-at-influur-4375611686,2026-02-25
Machine Learning Engineer - LLM,Apple,AI/ML Engineering,Full-time,United States,https://www.linkedin.com/jobs/view/machine-learning-engineer-llm-at-apple-4374334676,2026-02-25
Python AI/ML Developer,S4 Analytics LLC,AI/ML Engineering,Full-time,United States,https://www.linkedin.com/jobs/view/python-ai-ml-developer-at-s4-analytics-llc-4376418342,2026-02-25
Applied AI Engineer,xAI,AI/ML Engineering,Full-time,United States,https://www.linkedin.com/jobs/view/applied-ai-engineer-at-xai-4246546678,2026-02-25
Associate Data Scientist,PointClickCare,Data Science/ML,Full-time,United States,https://www.linkedin.com/jobs/view/associate-data-scientist-at-pointclickcare-4374660311,2026-02-25
"ML Engineer II / Senior ML Engineer I, Physical Sciences",Lila Sciences,AI/ML Engineering,Full-time,United States,https://www.linkedin.com/jobs/view/machine-learning-engineer-ii-senior-machine-learning-engineer-i-physical-sciences-at-lila-sciences-4368828436,2026-02-25
ML/AI Engineer,AMD,AI/ML Engineering,Full-time,United States,https://www.linkedin.com/jobs/view/ml-ai-engineer-at-amd-4358081522,2026-02-25
AI Software Engineer (Hybrid),Cisco,AI/ML Engineering,Full-time,United States,https://www.linkedin.com/jobs/view/ai-software-engineer-hybrid-at-cisco-4335411033,2026-02-25
"Machine Learning Engineer, Ads",Reddit Inc.,AI/ML Engineering,Full-time,United States,https://www.linkedin.com/jobs/view/machine-learning-engineer-ads-at-reddit-inc-4282877162,2026-02-25
Cybersecurity Analyst,Greenshades Software,Cybersecurity,Full-time,United States,https://www.linkedin.com/jobs/view/cybersecurity-analyst-at-greenshades-software,2026-02-25
Security Engineer (L4) - Application Security,Netflix,Cybersecurity,Full-time,United States,https://www.linkedin.com/jobs/view/security-engineer-l4-application-security-at-netflix,2026-02-25
Cyber Security Analyst,Starbucks,Cybersecurity,Full-time,United States,https://www.linkedin.com/jobs/view/cyber-security-analyst-at-starbucks,2026-02-25
Cybersecurity Analyst,NVIDIA,Cybersecurity,Full-time,United States,https://www.linkedin.com/jobs/view/cybersecurity-analyst-at-nvidia,2026-02-25
Cyber Security Engineer,Various,Cybersecurity,Full-time,United States,https://www.linkedin.com/jobs/search/?keywords=cybersecurity%20analyst%20security%20engineer,2026-02-25
Cyber Security Analyst II,Various,Cybersecurity,Full-time,United States,https://www.linkedin.com/jobs/search/?keywords=cybersecurity%20analyst%20security%20engineer,2026-02-25
Cybersecurity Engineer,Various,Cybersecurity,Full-time,United States,https://www.linkedin.com/jobs/search/?keywords=cybersecurity%20analyst%20security%20engineer,2026-02-25
Senior Cybersecurity Analyst,Various,Cybersecurity,Full-time,United States,https://www.linkedin.com/jobs/search/?keywords=cybersecurity%20analyst%20security%20engineer,2026-02-25
Information Security Analyst,Various,Cybersecurity,Full-time,United States,https://www.linkedin.com/jobs/search/?keywords=cybersecurity%20analyst%20security%20engineer,2026-02-25
Cyber Security Graduate Intern,Various,Cybersecurity,Internship,United States,https://www.linkedin.com/jobs/search/?keywords=cybersecurity%20analyst%20security%20engineer,2026-02-25
Cybersecurity Intern,Various,Cybersecurity,Internship,United States,https://www.linkedin.com/jobs/search/?keywords=cybersecurity%20analyst%20security%20engineer,2026-02-25
IT / CYBERSECURITY - INTERNSHIP,Various,Cybersecurity,Internship,United States,https://www.linkedin.com/jobs/search/?keywords=cybersecurity%20analyst%20security%20engineer,2026-02-25
Junior Cybersecurity Engineer,Various,Cybersecurity,Full-time,United States,https://www.linkedin.com/jobs/search/?keywords=cybersecurity%20analyst%20security%20engineer,2026-02-25
Associate Cybersecurity Analyst (Entry-Level),Various,Cybersecurity,Full-time,United States,https://www.linkedin.com/jobs/search/?keywords=cybersecurity%20analyst%20security%20engineer,2026-02-25
"Intern, Cybersecurity",Various,Cybersecurity,Internship,United States,https://www.linkedin.com/jobs/search/?keywords=cybersecurity%20analyst%20security%20engineer,2026-02-25
Junior Cybersecurity Analyst,Various,Cybersecurity,Full-time,United States,https://www.linkedin.com/jobs/search/?keywords=cybersecurity%20analyst%20security%20engineer,2026-02-25
Cybersecurity Engineer I,Various,Cybersecurity,Full-time,United States,https://www.linkedin.com/jobs/search/?keywords=cybersecurity%20analyst%20security%20engineer,2026-02-25
Cybersecurity / SOC Analyst II,Various,Cybersecurity,Full-time,United States,https://www.linkedin.com/jobs/search/?keywords=cybersecurity%20analyst%20security%20engineer,2026-02-25
Application Security Engineer,Various,Cybersecurity,Full-time,United States,https://www.linkedin.com/jobs/search/?keywords=cybersecurity%20analyst%20security%20engineer,2026-02-25
Information Security Engineer,Various,Cybersecurity,Full-time,United States,https://www.linkedin.com/jobs/search/?keywords=cybersecurity%20analyst%20security%20engineer,2026-02-25
Cybersecurity GRC Analyst,Various,Cybersecurity,Full-time,United States,https://www.linkedin.com/jobs/search/?keywords=cybersecurity%20analyst%20security%20engineer,2026-02-25
Cybersecurity Assessment & Remediation Analyst,Various,Cybersecurity,Full-time,United States,https://www.linkedin.com/jobs/search/?keywords=cybersecurity%20analyst%20security%20engineer,2026-02-25
Full Stack Development Internship (Hybrid),Web3task,Software Engineering,Internship,"Noida, Delhi NCR",India - North,https://in.linkedin.com/jobs/view/full-stack-development-internship-at-web3task,2026-02-26
Full Stack Developer Internship,Zarle Infotech,Software Engineering,Internship,Noida,India - North,https://in.linkedin.com/jobs/view/full-stack-developer-internship-in-noida-at-zarle-infotech-4376113402,2026-02-26
Full Stack Development Internship,Inciterz,Software Engineering,Internship,"Delhi NCR",India - North,https://in.linkedin.com/jobs/view/full-stack-development-internship-at-inciterz-4364426674,2026-02-26
React JS Intern,Policybazaar.com,Software Engineering,Internship,Gurgaon,India - North,https://in.linkedin.com/jobs/view/react-js-intern-at-policybazaar-com-4372483724,2026-02-26
Front End Development Internship,Cygnus Voyages Private Limited,Software Engineering,Internship,Pune,India - West,https://in.linkedin.com/jobs/view/front-end-development-internship-in-pune-at-cygnus-voyages-4370888901,2026-02-26
Backend Intern,smallcase,Software Engineering,Internship,India,India - Pan India,https://in.linkedin.com/jobs/view/backend-intern-at-smallcase-4370234333,2026-02-26
Core Engineering Intern,Tower Research Capital,Software Engineering,Internship,India,India - Pan India,https://in.linkedin.com/jobs/view/core-engineering-intern-at-tower-research-capital-4234876679,2026-02-26
Associate Software Engineer Internship,Innostax Tech LLC,Software Engineering,Internship,Gurgaon,India - North,https://in.linkedin.com/jobs/view/associate-software-engineer-internship-in-gurgaon-at-innostax-4366952291,2026-02-26
Web Developer Intern,Skillzenloop,Software Engineering,Internship,India,India - Pan India,https://in.linkedin.com/jobs/view/web-developer-intern-at-skillzenloop-4375712846,2026-02-26
Full Stack Development Internship,Smart Food Safe,Software Engineering,Internship,Bangalore,India - South,https://in.linkedin.com/jobs/view/full-stack-development-internship-in-bangalore-at-smart-food-safe-4377537327,2026-02-26
BackEnd Intern,Joveo,Software Engineering,Internship,India,India - Pan India,https://in.linkedin.com/jobs/view/backend-intern-at-joveo-4374278320,2026-02-26
Backend Development Internship,Bytive,Software Engineering,Internship,"Noida, Greater Noida",India - North,https://in.linkedin.com/jobs/view/backend-development-internship-in-noida-greater-noida-at-bytive-4366948401,2026-02-26
Intern - Tool Developer,Siemens Gamesa,Software Engineering,Internship,India,India - Pan India,https://in.linkedin.com/jobs/view/intern-tool-developer-at-siemens-gamesa-4356711731,2026-02-26
Python Intern,NEO SKILLZ,Software Engineering,Internship,India,India - Pan India,https://in.linkedin.com/jobs/view/python-intern-at-neo-skillz-4372840848,2026-02-26
Front End Development Internship,Hcube WowCarz Pvt Ltd,Software Engineering,Internship,Bangalore,India - South,https://in.linkedin.com/jobs/view/front-end-development-internship-in-bangalore-at-hcube-wowcarz-4370100110,2026-02-26
Intern (Full Stack),UNIDEL,Software Engineering,Internship,India,India - Pan India,https://in.linkedin.com/jobs/view/intern-full-stack-at-unidel-4374799287,2026-02-26
Full Stack Development Internship,Finda,Software Engineering,Internship,Kozhikode,India - South,https://in.linkedin.com/jobs/view/full-stack-development-internship-in-kozhikode-at-finda-4368869508,2026-02-26
Game Development Internship (Hybrid),Web3task,Software Engineering,Internship,"Noida, Delhi NCR",India - North,https://in.linkedin.com/jobs/view/game-development-internship-at-web3task-4375056698,2026-02-26
Research Sciences INTERN,Microsoft,AI/ML Engineering,Internship,India,India - Pan India,https://in.linkedin.com/jobs/view/research-sciences-intern-at-microsoft-4354686558,2026-02-26
Backend Development Internship,Openleaf,Software Engineering,Internship,Mumbai,India - West,https://in.linkedin.com/jobs/view/backend-development-internship-at-openleaf-4376107695,2026-02-26
AI/ML and Python Development Intern,Various,AI/ML Engineering,Internship,India,India - Pan India,https://www.linkedin.com/jobs/search/?keywords=software%20engineer%20intern&location=India,2026-02-26
Full Stack Development Internship,Wordscloud,Software Engineering,Internship,Allahabad,India - North,https://in.linkedin.com/jobs/view/full-stack-development-internship-in-allahabad-at-wordscloud-4367657592,2026-02-26
Software Robotics Engineer - Internship,Various,Software Engineering,Internship,India,India - Pan India,https://www.linkedin.com/jobs/search/?keywords=software%20engineer%20intern&location=India,2026-02-26
Junior Software Engineer,Swiggy,Software Engineering,Full-time,India,India - Pan India,https://in.linkedin.com/jobs/view/junior-software-engineer-at-swiggy,2026-02-26
Software Engineer,Cisco,Software Engineering,Full-time,India,India - Pan India,https://in.linkedin.com/jobs/view/software-engineer-at-cisco-4375177489,2026-02-26
Software Engineer 1,Intuit,Software Engineering,Full-time,India,India - Pan India,https://in.linkedin.com/jobs/view/software-engineer-1-at-intuit-4331964856,2026-02-26
"Software Engineer, Backend",DoorDash,Software Engineering,Full-time,India,India - Pan India,https://in.linkedin.com/jobs/view/software-engineer-backend-at-doordash-4084261319,2026-02-26
"Software Engineer I, ITC",Nike,Software Engineering,Full-time,India,India - Pan India,https://in.linkedin.com/jobs/view/software-engineer-i-itc-at-nike-4374138811,2026-02-26
Backend Software Development Engineer,Cisco,Software Engineering,Full-time,India,India - Pan India,https://in.linkedin.com/jobs/view/backend-software-development-engineer-at-cisco-4328631029,2026-02-26
React Developer,Persistent Systems,Software Engineering,Full-time,India,India - Pan India,https://in.linkedin.com/jobs/view/react-developer-at-persistent-systems-4309459084,2026-02-26
Software Engineer,hackajob,Software Engineering,Full-time,India,India - Pan India,https://in.linkedin.com/jobs/view/software-engineer-at-hackajob-4321370472,2026-02-26
Junior Developer,YES BANK,Software Engineering,Full-time,India,India - Pan India,https://in.linkedin.com/jobs/view/junior-developer-at-yes-bank-4346421069,2026-02-26
Software Engineer,Cleartrip,Software Engineering,Full-time,India,India - Pan India,https://in.linkedin.com/jobs/view/software-engineer-at-cleartrip-4370408479,2026-02-26
Software Engineer 1 - Full Stack,NxtWave,Software Engineering,Full-time,India,India - Pan India,https://in.linkedin.com/jobs/view/software-engineer-1-full-stack-at-nxtwave-4368719244,2026-02-26
Software Engineer,Infosys,Software Engineering,Full-time,India,India - Pan India,https://in.linkedin.com/jobs/view/software-engineer-at-infosys-4331972491,2026-02-26
Engineer - Software & Application Development,Tata Communications,Software Engineering,Full-time,India,India - Pan India,https://in.linkedin.com/jobs/view/engineer-software-application-development-at-tata-communications-4374095133,2026-02-26
Front-End Developer  SCG India,SCG,Software Engineering,Full-time,India,India - Pan India,https://in.linkedin.com/jobs/view/front-end-developer-scg-india-at-scg-4298394472,2026-02-26
Junior Developer,YES BANK,Software Engineering,Full-time,India,India - Pan India,https://in.linkedin.com/jobs/view/junior-developer-at-yes-bank-4361216598,2026-02-26
Software Development Engineer,Sprinklr,Software Engineering,Full-time,India,India - Pan India,https://in.linkedin.com/jobs/view/software-development-engineer-at-sprinklr-4373556310,2026-02-26
Associate (Python),PwC India,Software Engineering,Full-time,India,India - Pan India,https://in.linkedin.com/jobs/view/associate-at-pwc-india-4291068103,2026-02-26
Software Developer,Wipro,Software Engineering,Full-time,India,India - Pan India,https://in.linkedin.com/jobs/view/software-developer-at-wipro-4361034897,2026-02-26
Executive - Python,KPMG India,Software Engineering,Full-time,India,India - Pan India,https://in.linkedin.com/jobs/view/executive-python-at-kpmg-india-4371803945,2026-02-26
Front End Developer (WFO),CompuGroup Medical,Software Engineering,Full-time,Noida,India - North,https://in.linkedin.com/jobs/view/front-end-developer-noida-wfo-at-compugroup-medical-4321965491,2026-02-26
Data Scientist,Various,Data Science/ML,Full-time,India,India - Pan India,https://www.linkedin.com/jobs/search/?keywords=data%20scientist%20machine%20learning&location=India,2026-02-26
Data Science INTERN,Various,Data Science/ML,Internship,India,India - Pan India,https://www.linkedin.com/jobs/search/?keywords=data%20scientist%20machine%20learning&location=India,2026-02-26
AI/ML Engineer,Various,AI/ML Engineering,Full-time,India,India - Pan India,https://www.linkedin.com/jobs/search/?keywords=data%20scientist%20machine%20learning&location=India,2026-02-26
"Data scientist- Python- AI/ML GEN AI- Across India",Various,Data Science/ML,Full-time,India,India - Pan India,https://www.linkedin.com/jobs/search/?keywords=data%20scientist%20machine%20learning&location=India,2026-02-26
Sr Data Scientist,Various,Data Science/ML,Full-time,India,India - Pan India,https://www.linkedin.com/jobs/search/?keywords=data%20scientist%20machine%20learning&location=India,2026-02-26
Data Science Specialist,Various,Data Science/ML,Full-time,India,India - Pan India,https://www.linkedin.com/jobs/search/?keywords=data%20scientist%20machine%20learning&location=India,2026-02-26
"Data Scientist, Product Analytics",Various,Data Science/ML,Full-time,India,India - Pan India,https://www.linkedin.com/jobs/search/?keywords=data%20scientist%20machine%20learning&location=India,2026-02-26
Data Scientist (GenAI),Various,Data Science/ML,Full-time,India,India - Pan India,https://www.linkedin.com/jobs/search/?keywords=data%20scientist%20machine%20learning&location=India,2026-02-26
Machine Learning Engineer,Various,AI/ML Engineering,Full-time,India,India - Pan India,https://www.linkedin.com/jobs/search/?keywords=data%20scientist%20machine%20learning&location=India,2026-02-26
Machine Learning Engineer - Application AI,Various,AI/ML Engineering,Full-time,India,India - Pan India,https://www.linkedin.com/jobs/search/?keywords=data%20scientist%20machine%20learning&location=India,2026-02-26
AI Scientist,Various,AI/ML Engineering,Full-time,India,India - Pan India,https://www.linkedin.com/jobs/search/?keywords=data%20scientist%20machine%20learning&location=India,2026-02-26
Junior Data Scientist,Various,Data Science/ML,Full-time,India,India - Pan India,https://www.linkedin.com/jobs/search/?keywords=data%20scientist%20machine%20learning&location=India,2026-02-26
AI/ML Developer,Various,AI/ML Engineering,Full-time,India,India - Pan India,https://www.linkedin.com/jobs/search/?keywords=data%20scientist%20machine%20learning&location=India,2026-02-26
Senior Data Scientist,Various,Data Science/ML,Full-time,India,India - Pan India,https://www.linkedin.com/jobs/search/?keywords=data%20scientist%20machine%20learning&location=India,2026-02-26
"Generative AI, AI/ML, Python, Databricks",Various,AI/ML Engineering,Full-time,India,India - Pan India,https://www.linkedin.com/jobs/search/?keywords=data%20scientist%20machine%20learning&location=India,2026-02-26
AI/ML Data Scientist,Various,Data Science/ML,Full-time,India,India - Pan India,https://www.linkedin.com/jobs/search/?keywords=data%20scientist%20machine%20learning&location=India,2026-02-26
Senior Data Science Analyst - QuantumBlack,Various,Data Science/ML,Full-time,India,India - Pan India,https://www.linkedin.com/jobs/search/?keywords=data%20scientist%20machine%20learning&location=India,2026-02-26
AI/ML Scientist,Various,AI/ML Engineering,Full-time,India,India - Pan India,https://www.linkedin.com/jobs/search/?keywords=data%20scientist%20machine%20learning&location=India,2026-02-26
Senior Software Engineer  Backend,Vantage Circle,Software Engineering,Full-time,"Guwahati, Assam",Northeast India,https://in.linkedin.com/jobs/view/senior-software-engineer-backend-at-vantage-circle,2026-02-26
Technical Lead,Ericsson,Software Engineering,Full-time,"Guwahati, Assam",Northeast India,https://in.linkedin.com/jobs/view/technical-lead-at-ericsson-4371559771,2026-02-26
Senior Software Engineer,Uplers,Software Engineering,Full-time,"Guwahati, Assam",Northeast India,https://in.linkedin.com/jobs/view/senior-software-engineer-at-uplers-4366857073,2026-02-26
Senior Software Engineer,Uplers,Software Engineering,Full-time,"Guwahati, Assam",Northeast India,https://in.linkedin.com/jobs/view/senior-software-engineer-at-uplers-4358783987,2026-02-26
Senior Senior Software Engineer,Uplers,Software Engineering,Full-time,"Guwahati, Assam",Northeast India,https://in.linkedin.com/jobs/view/senior-senior-software-engineer-at-uplers-4372223560,2026-02-26
SAP ARIBA Technical & Solution Architect,Swathi Business Solutions,Software Engineering,Full-time,"Guwahati, Assam",Northeast India,https://in.linkedin.com/jobs/view/sap-ariba-technical-solution-architects-at-swathi-business-solutions-4344131458,2026-02-26
Full-Stack Web Applications Developer (WordPress / PHP),Uplers,Software Engineering,Full-time,"Assam, India",Northeast India,https://in.linkedin.com/jobs/view/full-stack-web-applications-developer-at-uplers,2026-02-26
Backend Developer (Node.js & MongoDB) - Remote,Uplers,Software Engineering,Full-time,"Assam, India (Remote)",Northeast India,https://in.linkedin.com/jobs/view/backend-developer-node-js-mongodb-night-shift-remote-at-uplers-4367436828,2026-02-26
Software Engineer-Data,TechVariable,Software Engineering,Full-time,"Guwahati, Assam",Northeast India,https://in.linkedin.com/jobs/view/software-engineer-data-at-techvariable-4132662367,2026-02-26
QA Engineer,Vantage Circle,Software Engineering,Full-time,"Guwahati, Assam",Northeast India,https://in.linkedin.com/jobs/view/qa-engineer-at-vantage-circle-4281277620,2026-02-26
Senior Technical Manager,TechVariable,Software Engineering,Full-time,"Guwahati, Assam",Northeast India,https://in.linkedin.com/jobs/view/senior-technical-manager-at-techvariable-4133500869,2026-02-26
Engineering Manager,Uplers,Software Engineering,Full-time,"Guwahati, Assam",Northeast India,https://in.linkedin.com/jobs/view/engineering-manager-at-uplers-4341241540,2026-02-26
Storage Administrator - SME,Jio Platforms Limited (JPL),IT Infrastructure,Full-time,"Guwahati, Assam",Northeast India,https://in.linkedin.com/jobs/view/storage-administrator-sme-at-jio-platforms-limited-jpl-4368479641,2026-02-26
"Data Management, IT & M&E Expert",Palladium: Make It Possible,Data Science/ML,Full-time,"Guwahati, Assam",Northeast India,https://in.linkedin.com/jobs/view/data-management-it-m-e-expert-at-palladium-4367160613,2026-02-26
Project Manager,GE HealthCare,Project Management,Full-time,"Guwahati, Assam",Northeast India,https://in.linkedin.com/jobs/view/project-manager-at-ge-healthcare-4364125229,2026-02-26
Content Development,Blue Isle Interiors Pvt. Ltd.,Content/Digital,Full-time,"Guwahati, Assam",Northeast India,https://in.linkedin.com/jobs/view/content-development-at-blue-isle-interiors-pvt-ltd-4376730667,2026-02-26
Remote Technical Support Representative,Mass Markets,IT Support,Full-time,"Guwahati, Assam",Northeast India,https://in.linkedin.com/jobs/view/remote-technical-support-representative-at-mass-markets-4318031343,2026-02-26
Remote Technical Support Representative,MCI,IT Support,Full-time,"Guwahati, Assam",Northeast India,https://in.linkedin.com/jobs/view/remote-technical-support-representative-at-mci-4318054422,2026-02-26
Assistant Manager - Digital Marketing,Apollo BGS Hospitals,Digital Marketing,Full-time,"Guwahati, Assam",Northeast India,https://in.linkedin.com/jobs/view/assistant-manager-digital-marketing-at-apollo-bgs-hospitals-4375711682,2026-02-26
Product Operations Manager,Uplers,Product Management,Full-time,"Guwahati, Assam",Northeast India,https://in.linkedin.com/jobs/view/product-operations-manager-at-uplers-4376819219,2026-02-26
Manager-Data Core Ops,Vodafone Idea Limited,IT Infrastructure,Full-time,"Guwahati, Assam",Northeast India,https://in.linkedin.com/jobs/view/manager-data-core-ops-at-vodafone-idea-limited-3598366253,2026-02-26
Manager-Service Ops,Vodafone Idea Limited,IT Infrastructure,Full-time,"Guwahati, Assam",Northeast India,https://in.linkedin.com/jobs/view/manager-service-ops-at-vodafone-idea-limited-3597464323,2026-02-26
Manager-IN/VAS,Vodafone Idea Limited,Telecom/IT,Full-time,"Guwahati, Assam",Northeast India,https://in.linkedin.com/jobs/view/manager-in-vas-at-vodafone-idea-limited-3597459921,2026-02-26
Manager-RAN Performance,Vodafone Idea Limited,Telecom/IT,Full-time,"Guwahati, Assam",Northeast India,https://in.linkedin.com/jobs/view/manager-ran-performance-at-vodafone-idea-limited-3415847344,2026-02-26
Manager - MW Planning,Vodafone Idea Limited,Telecom/IT,Full-time,"Guwahati, Assam",Northeast India,https://in.linkedin.com/jobs/view/manager-mw-planning-at-vodafone-idea-limited-3569720290,2026-02-26
GM - TX Ops,Vodafone Idea Limited,Telecom/IT,Full-time,"Guwahati, Assam",Northeast India,https://in.linkedin.com/jobs/view/gm-tx-ops-at-vodafone-idea-limited-4374207896,2026-02-26
Manager - Regulatory,Vodafone Idea Limited,Telecom/IT,Full-time,"Guwahati, Assam",Northeast India,https://in.linkedin.com/jobs/view/manager-regulatory-at-vodafone-idea-limited-3646815764,2026-02-26
Remote Customer Service Agent,Mass Markets,IT Support,Full-time,"Guwahati, Assam",Northeast India,https://in.linkedin.com/jobs/view/remote-customer-service-agent-at-mass-markets-4318027326,2026-02-26
Remote Call Center Representative,Mass Markets,IT Support,Full-time,"Guwahati, Assam",Northeast India,https://in.linkedin.com/jobs/view/remote-call-center-representative-at-mass-markets-4318036316,2026-02-26
Remote Call Center Representative,MCI,IT Support,Full-time,"Guwahati, Assam",Northeast India,https://in.linkedin.com/jobs/view/remote-call-center-representative-at-mci-4318061377,2026-02-26
Remote Customer Service Agent,MCI,IT Support,Full-time,"Guwahati, Assam",Northeast India,https://in.linkedin.com/jobs/view/remote-customer-service-agent-at-mci-4318059410,2026-02-26
Behavioral Wellness Content Creator (Contract),Vantage Circle,Content/Digital,Full-time,"Guwahati, Assam",Northeast India,https://in.linkedin.com/jobs/view/behavioral-wellness-content-creator-contract-at-vantage-circle-4333937473,2026-02-26
Business Development (Sales) Internship (Hybrid),Zopper,Business Development,Internship,"Guwahati, Assam",Northeast India,https://in.linkedin.com/jobs/view/business-development-sales-internship-in-guwahati-hybrid-at-zopper-4370377033,2026-02-26
Business Executive - Guwahati,GSK,Business Development,Full-time,"Guwahati, Assam",Northeast India,https://in.linkedin.com/jobs/view/business-executive-guwahati-at-gsk-4367605604,2026-02-26
Business Development Executive,HOMSIST INDIA,Business Development,Full-time,"Guwahati, Assam",Northeast India,https://in.linkedin.com/jobs/view/business-development-executive-at-homsist-india-4376751673,2026-02-26
EXECUTIVE N - SALES ENGINEERING,Various,Sales Engineering,Full-time,"Guwahati, Assam",Northeast India,https://www.linkedin.com/jobs/search/?keywords=technology&location=Guwahati,2026-02-26
Territory Sales Manager,Agile Technology Solutions,Sales/Tech,Full-time,"Guwahati, Assam",Northeast India,https://in.linkedin.com/jobs/view/territory-sales-manager-at-agile-technology-solutions-4368207668,2026-02-26